{
  "threshold": 0.05,
  "accuracy": 0.95125,
  "precision": 0.8583916083916084,
  "recall": 0.9316888045540797,
  "f1": 0.8935395814376706,
  "auc": 0.9582269157943045
}